{"cameraMode":{"drawMode":0,"name":"Shaded","section":"Shading Mode"},"sceneLighting":true,"audioPlay":false,"sceneViewState":{"showFog":true,"showMaterialUpdate":false,"showSkybox":true,"showFlares":true,"showImageEffects":true,"showParticleSystems":true},"in2DMode":false,"pivot":{"x":0.31208544969558718,"y":-0.1555023491382599,"z":0.7409330606460571},"rotation":{"x":0.022529833018779756,"y":0.5507473945617676,"z":-0.014873797073960305,"w":0.834235668182373},"size":0.449799120426178,"orthographic":false}